polled_at,ship,gps_time,mission_time,latitude,longitude,altitude,speed
2026-05-22T22:29:58.194380+00:00,ship39,1463524207.004812,107.485684,25.996841,-97.158016,96.574026,0
2026-05-22T22:30:09.480266+00:00,ship39,1463524217.004968,117.485886,25.996845,-97.158021,96.286699,0
2026-05-22T22:30:21.066525+00:00,ship39,1463524237.00528,-2.533712,25.996814,-97.158034,95.352479,0
2026-05-22T22:30:32.197391+00:00,ship39,1463524247.005437,7.466486,25.996785,-97.158028,201.307506,0
2026-05-22T22:30:43.330832+00:00,ship39,1463524257.005599,17.466692,25.996484,-97.157942,779.102319,0
2026-05-22T22:30:54.435099+00:00,ship39,1463524267.005744,27.466882,25.996213,-97.156965,1919.161046,0
2026-05-22T22:31:05.468698+00:00,ship39,1463524277.005904,37.467088,25.995838,-97.152662,3673.976818,0
2026-05-22T22:31:16.683716+00:00,ship39,1463524287.00606,47.467288,25.994695,-97.144091,6086.906723,0
2026-05-22T22:31:27.682481+00:00,ship39,1463524297.006217,57.467488,25.992696,-97.130866,8875.246552,0
2026-05-22T22:31:38.729419+00:00,ship39,1463524307.006374,67.467692,25.98902,-97.11192,11998.870618,0
2026-05-22T22:31:49.730805+00:00,ship39,1463524317.00653,77.467892,25.98327,-97.084936,15608.379839,0
2026-05-22T22:32:00.754140+00:00,ship39,1463524327.006685,87.46809,25.974603,-97.045756,19883.667422,0
2026-05-22T22:32:11.958425+00:00,ship39,1463524337.006841,97.468293,25.96206,-96.991327,24846.090141,0
2026-05-22T22:32:22.956595+00:00,ship39,1463524347.006997,107.468492,25.943598,-96.920833,30578.242133,0
2026-05-22T22:32:33.983659+00:00,ship39,1463524357.007153,117.468693,25.918196,-96.833336,37043.440484,0
2026-05-22T22:32:44.951366+00:00,ship39,1463524367.00731,127.468894,25.885295,-96.727939,44119.881475,0
2026-05-22T22:32:56.159454+00:00,ship39,1463524377.007466,137.469088,25.84557,-96.605662,51547.935357,0
2026-05-22T22:33:07.316550+00:00,ship39,1463524397.007744,157.469454,25.755977,-96.3366,65465.998403,0
2026-05-22T22:33:18.453661+00:00,ship39,1463524407.007934,167.469689,25.707323,-96.192988,71752.657105,0
2026-05-22T22:33:29.542361+00:00,ship39,1463524417.008089,177.469889,25.655899,-96.043173,77706.030931,0
2026-05-22T22:33:40.636576+00:00,ship39,1463524427.008246,187.470092,25.601736,-95.887538,83379.076267,0
2026-05-22T22:33:51.743700+00:00,ship39,1463524447.008559,207.470491,25.486184,-95.562331,93863.729995,0
2026-05-22T22:34:02.858140+00:00,ship39,1463524457.008716,217.470701,25.425005,-95.393827,98761.418219,0
2026-05-22T22:34:13.979481+00:00,ship39,1463524467.008876,227.470899,25.361182,-95.22056,103504.068074,0
2026-05-22T22:34:25.115359+00:00,ship39,1463524477.009026,237.471094,25.295391,-95.04448,108089.811216,0
2026-05-22T22:34:36.275426+00:00,ship39,1463524487.009182,247.4713,25.227004,-94.864134,112616.643252,0
2026-05-22T22:34:47.370747+00:00,ship39,1463524497.009338,257.471494,25.155997,-94.679566,117120.674516,0
2026-05-22T22:34:58.387333+00:00,ship39,1463524507.009494,267.471693,25.082862,-94.491672,121567.368371,0
2026-05-22T22:35:09.347953+00:00,ship39,1463524517.00965,277.471892,25.007238,-94.299074,125967.724866,0
2026-05-22T22:35:20.624375+00:00,ship39,1463524527.009766,287.472051,24.929051,-94.101117,130311.630792,0
2026-05-22T22:35:32.194691+00:00,ship39,1463524537.009963,297.472295,24.84823,-93.897127,134584.787973,0
2026-05-22T22:35:43.319457+00:00,ship39,1463524547.010119,307.472492,24.764721,-93.686396,138769.497001,0
2026-05-22T22:35:54.541887+00:00,ship39,1463524557.010274,317.472691,24.678482,-93.468224,142842.095225,0
2026-05-22T22:36:05.705351+00:00,ship39,1463524567.010432,327.472885,24.58965,-93.242336,146765.089189,0
2026-05-22T22:36:16.699138+00:00,ship39,1463524587.010742,347.473293,24.403007,-92.76171,154064.975178,0
2026-05-22T22:36:27.747815+00:00,ship39,1463524597.010899,357.473494,24.305453,-92.50637,157337.341273,0
2026-05-22T22:36:38.909450+00:00,ship39,1463524607.011057,367.473695,24.204927,-92.23985,160291.177433,0
2026-05-22T22:36:50.073770+00:00,ship39,1463524617.011212,377.473891,24.101395,-91.961354,162864.720321,0
2026-05-22T22:37:01.210710+00:00,ship39,1463524637.011523,397.474293,23.885486,-91.365498,166584.646347,0
2026-05-22T22:37:12.418571+00:00,ship39,1463524647.011681,407.474495,23.7733,-91.046513,167570.273471,0
2026-05-22T22:37:23.573790+00:00,ship39,1463524657.011843,417.474701,23.658341,-90.712389,167902.333105,0
2026-05-22T22:37:34.818178+00:00,ship39,1463524667.011993,427.474898,23.540389,-90.362347,167594.312478,0
2026-05-22T22:37:46.097118+00:00,ship39,1463524677.012149,437.475098,23.419278,-89.995485,166660.262584,0
2026-05-22T22:37:57.169834+00:00,ship39,1463524687.012304,447.475297,23.294847,-89.610782,165115.020152,0
2026-05-22T22:38:08.383102+00:00,ship39,1463524697.01246,457.4755,23.16678,-89.207164,162978.289483,0
2026-05-22T22:38:19.781197+00:00,ship39,1463524707.012624,467.475702,23.035465,-88.787899,160376.707416,0
2026-05-22T22:38:30.799413+00:00,ship39,1463524717.012742,477.475871,22.895357,-88.339117,157465.392727,0
2026-05-22T22:38:41.872812+00:00,ship39,1463524727.012929,487.476107,22.749261,-87.873042,154556.981839,0
2026-05-22T22:38:52.857293+00:00,ship39,1463524737.013088,497.476311,22.594593,-87.384369,151784.719677,0
2026-05-22T22:39:03.814086+00:00,ship39,1463524747.013216,507.476487,22.430445,-86.87183,149286.211391,0
2026-05-22T22:39:14.755586+00:00,ship39,1463524757.013397,517.476745,22.258288,-86.333326,147202.32705,0
2026-05-22T22:39:26.017428+00:00,ship39,1463524777.01371,537.477148,21.903842,-85.169093,145061.167474,0
2026-05-22T22:39:37.057450+00:00,ship39,1463524787.013866,547.477351,21.725447,-84.538987,145352.924892,0
2026-05-22T22:39:48.085495+00:00,ship39,1463524797.014022,557.477552,21.540724,-83.878474,146250.153679,0
2026-05-22T22:39:59.199665+00:00,ship39,1463524807.014179,567.477752,21.352459,-83.214059,147262.473502,0
2026-05-22T22:40:10.290097+00:00,ship39,1463524817.014335,577.477955,21.161283,-82.551647,148265.079559,0
2026-05-22T22:40:21.395726+00:00,ship39,1463524827.014491,587.478156,20.967241,-81.891236,149257.861786,0
2026-05-22T22:40:32.551967+00:00,ship39,1463524847.01481,607.478566,20.570703,-80.576417,151217.09145,0
2026-05-22T22:40:43.778398+00:00,ship39,1463524857.014959,617.478759,20.36829,-79.922039,152184.197466,0
2026-05-22T22:40:54.945032+00:00,ship39,1463524867.015116,627.478962,20.163175,-79.269677,153141.434413,0
2026-05-22T22:41:06.126114+00:00,ship39,1463524877.015272,637.479162,19.955406,-78.619367,154090.55801,0
2026-05-22T22:41:17.661230+00:00,ship39,1463524887.015428,647.479361,19.745014,-77.971055,155030.500957,0
2026-05-22T22:41:28.804044+00:00,ship39,1463524897.015585,657.47956,19.532035,-77.324742,155962.191314,0
2026-05-22T22:41:39.903621+00:00,ship39,1463524907.015741,667.479764,19.316937,-76.681709,156883.043628,0
2026-05-22T22:41:51.056627+00:00,ship39,1463524917.015897,677.479962,19.098464,-76.038092,157798.404008,0
2026-05-22T22:42:02.270878+00:00,ship39,1463524927.016053,687.480152,18.877963,-75.397755,158703.190858,0
2026-05-22T22:42:13.371003+00:00,ship39,1463524937.016209,697.480361,18.65498,-74.759238,159599.091798,0
2026-05-22T22:42:24.440222+00:00,ship39,1463524957.016523,717.480764,18.202031,-73.488465,161362.146603,0
2026-05-22T22:42:35.549743+00:00,ship39,1463524967.016684,727.480953,17.973924,-72.86107,162223.690996,0
2026-05-22T22:42:46.806648+00:00,ship39,1463524977.016841,737.48117,17.739839,-72.225451,163088.439124,0
2026-05-22T22:42:57.989148+00:00,ship39,1463524987.016991,747.481367,17.505359,-71.596779,163938.07818,0
2026-05-22T22:43:09.079043+00:00,ship39,1463524997.017148,757.481566,17.268684,-70.97,164778.166249,0
2026-05-22T22:43:20.421246+00:00,ship39,1463525007.017304,767.481766,17.029843,-70.345059,165608.932481,0
2026-05-22T22:43:31.641940+00:00,ship39,1463525017.01746,777.481968,16.788891,-69.722006,166429.707297,0
2026-05-22T22:43:42.693881+00:00,ship39,1463525027.017617,787.482167,16.545859,-69.1008,167240.085905,0
2026-05-22T22:43:54.047900+00:00,ship39,1463525037.017742,797.482339,16.300747,-68.48132,168041.431235,0
2026-05-22T22:44:05.717714+00:00,ship39,1463525047.017928,807.482545,16.054152,-67.864942,168831.912355,0
2026-05-22T22:44:17.020187+00:00,ship39,1463525057.018085,817.482771,15.804595,-67.247881,169615.631279,0
2026-05-22T22:44:28.097707+00:00,ship39,1463525077.018397,837.483173,15.300815,-66.021728,171151.359692,0
2026-05-22T22:44:39.147851+00:00,ship39,1463525087.018554,847.483358,15.046629,-65.412431,171901.587434,0
2026-05-22T22:44:50.136327+00:00,ship39,1463525107.018865,867.483774,14.5313,-64.19523,173374.529575,0
2026-05-22T22:45:01.125669+00:00,ship39,1463525117.019022,877.483978,14.271263,-63.58973,174093.818321,0
2026-05-22T22:45:12.221291+00:00,ship39,1463525127.019178,887.484177,14.009531,-62.985874,174801.852643,0
2026-05-22T22:45:23.288997+00:00,ship39,1463525137.019335,897.484379,13.746134,-62.383626,175499.518532,0
2026-05-22T22:45:34.293890+00:00,ship39,1463525147.019491,907.48458,13.481109,-61.782954,176185.601865,0
2026-05-22T22:45:45.305574+00:00,ship39,1463525157.019647,917.484779,13.2145,-61.183847,176859.77727,0
2026-05-22T22:45:56.267126+00:00,ship39,1463525167.019803,927.48498,12.946323,-60.586249,177523.177042,0
2026-05-22T22:46:07.373336+00:00,ship39,1463525177.019959,937.485163,12.677178,-59.991357,178173.638162,0
2026-05-22T22:46:18.424001+00:00,ship39,1463525187.020115,947.485385,12.407111,-59.399135,178810.709494,0
2026-05-22T22:46:29.487347+00:00,ship39,1463525197.020272,957.485566,12.13342,-58.803594,179441.100628,0
2026-05-22T22:46:40.461805+00:00,ship39,1463525207.020429,967.485786,11.85885,-58.210639,180058.58008,0
2026-05-22T22:46:51.497680+00:00,ship39,1463525217.020584,977.485968,11.58401,-57.621438,180661.267399,0
2026-05-22T22:47:02.476676+00:00,ship39,1463525227.020742,987.486192,11.307302,-57.032434,181252.449322,0
2026-05-22T22:47:13.485688+00:00,ship39,1463525237.020896,997.486351,11.029303,-56.444762,181830.751913,0
2026-05-22T22:47:24.469132+00:00,ship39,1463525247.021053,1007.48659,10.74948,-55.857203,182398.10148,0
2026-05-22T22:47:35.554125+00:00,ship39,1463525257.021209,1017.486788,10.468989,-55.272064,182953.046427,0
2026-05-22T22:47:46.542825+00:00,ship39,1463525267.021365,1027.486973,10.187885,-54.689344,183494.774803,0
2026-05-22T22:47:57.549004+00:00,ship39,1463525287.021678,1047.487373,9.621152,-53.525181,184542.095524,0
2026-05-22T22:48:08.519167+00:00,ship39,1463525297.021834,1057.487592,9.335552,-52.943629,185048.74573,0
2026-05-22T22:48:19.605449+00:00,ship39,1463525307.02199,1067.487718,9.050635,-52.366683,185539.750855,0
2026-05-22T22:48:30.697755+00:00,ship39,1463525327.022302,1087.488193,8.474371,-51.209047,186489.942907,0
2026-05-22T22:48:41.774806+00:00,ship39,1463525337.022459,1097.488397,8.185391,-50.632919,186944.744331,0
2026-05-22T22:48:52.943359+00:00,ship39,1463525347.022616,1107.488598,7.895505,-50.057768,187386.748393,0
2026-05-22T22:49:04.141875+00:00,ship39,1463525357.022742,1117.488749,7.605336,-49.484717,187815.275885,0
2026-05-22T22:49:15.308710+00:00,ship39,1463525367.022927,1127.488997,7.313163,-48.910276,188232.552399,0
2026-05-22T22:49:26.463510+00:00,ship39,1463525377.023083,1137.489198,7.020765,-48.337842,188635.862502,0
2026-05-22T22:49:37.616415+00:00,ship39,1463525387.023239,1147.489401,6.727603,-47.766266,189026.08149,0
2026-05-22T22:49:48.619055+00:00,ship39,1463525397.023396,1157.489601,6.433691,-47.195468,189403.582603,0
2026-05-22T22:49:59.680184+00:00,ship39,1463525407.023553,1167.489802,6.139094,-46.62548,189767.73274,0
2026-05-22T22:50:10.822275+00:00,ship39,1463525417.023708,1177.490003,5.843827,-46.056226,190118.845298,0
2026-05-22T22:50:21.888361+00:00,ship39,1463525427.023864,1187.490202,5.547914,-45.487655,190457.068582,0
2026-05-22T22:50:33.015296+00:00,ship39,1463525437.02402,1197.490403,5.251402,-44.919758,190782.194523,0
2026-05-22T22:50:44.103098+00:00,ship39,1463525447.024177,1207.490606,4.954331,-44.352514,191093.349272,0
2026-05-22T22:50:55.250874+00:00,ship39,1463525457.024333,1217.490806,4.656725,-43.785868,191391.725311,0
2026-05-22T22:51:06.411956+00:00,ship39,1463525467.02449,1227.491011,4.359203,-43.2209,191675.89263,0
2026-05-22T22:51:17.573302+00:00,ship39,1463525487.024801,1247.491408,3.761021,-42.089172,192207.024809,0
2026-05-22T22:51:28.687449+00:00,ship39,1463525497.024905,1257.491579,3.462211,-41.525711,192451.29686,0
2026-05-22T22:51:39.774083+00:00,ship39,1463525517.02527,1277.492009,2.861722,-40.396653,192901.239581,0
2026-05-22T22:51:50.924270+00:00,ship39,1463525527.025426,1287.49221,2.5613,-39.833222,193105.622993,0
2026-05-22T22:52:02.091746+00:00,ship39,1463525537.025583,1297.492434,2.261214,-39.271252,193296.405874,0
2026-05-22T22:52:13.101738+00:00,ship39,1463525547.025742,1307.492614,1.95969,-38.70732,193474.3192,0
2026-05-22T22:52:24.065558+00:00,ship39,1463525557.025895,1317.492813,1.65856,-38.144755,193638.469274,0
2026-05-22T22:52:35.056301+00:00,ship39,1463525567.026051,1327.493038,1.358456,-37.584643,193788.047342,0
2026-05-22T22:52:46.106248+00:00,ship39,1463525577.026206,1337.493214,1.0558,-37.020205,193924.958046,0
2026-05-22T22:52:57.057930+00:00,ship39,1463525587.026363,1347.493415,0.75423,-36.458134,194049.593741,0
2026-05-22T22:53:08.480538+00:00,ship39,1463525597.026526,1357.493621,0.452609,-35.896218,194159.155992,0
2026-05-22T22:53:19.652654+00:00,ship39,1463525607.026676,1367.493817,0.150943,-35.334367,194254.847124,0
2026-05-22T22:53:30.934030+00:00,ship39,1463525617.026831,1377.494042,-0.150136,-34.773659,194336.620173,0
2026-05-22T22:53:42.038601+00:00,ship39,1463525627.026988,1387.494218,-0.452408,-34.210687,194405.374266,0
2026-05-22T22:53:53.207765+00:00,ship39,1463525637.027143,1397.494419,-0.754021,-33.648805,194460.505421,0
2026-05-22T22:54:04.420496+00:00,ship39,1463525647.027301,1407.494603,-1.054946,-33.087968,194502.023339,0
2026-05-22T22:54:15.494919+00:00,ship39,1463525657.027457,1417.494821,-1.356945,-32.524798,194529.859105,0
2026-05-22T22:54:26.655605+00:00,ship39,1463525667.027613,1427.495047,-1.6576,-31.963707,194543.432183,0
2026-05-22T22:54:37.824655+00:00,ship39,1463525687.027925,1447.495424,-2.260116,-30.837595,194529.537471,0
2026-05-22T22:54:48.994892+00:00,ship39,1463525697.028081,1457.495548,-2.560106,-30.275886,194502.20138,0
2026-05-22T22:55:00.131696+00:00,ship39,1463525717.028393,1477.495971,-3.159811,-29.150432,194404.839524,0
2026-05-22T22:55:11.311230+00:00,ship39,1463525727.028556,1487.496217,-3.460063,-28.585483,194335.387511,0
2026-05-22T22:55:22.518743+00:00,ship39,1463525737.028706,1497.496456,-3.759336,-28.021279,194253.986802,0
2026-05-22T22:55:33.663297+00:00,ship39,1463525747.028862,1507.496654,-4.058199,-27.456625,194157.322822,0
2026-05-22T22:55:44.727982+00:00,ship39,1463525757.029018,1517.496756,-4.356014,-26.89264,194046.691862,0
2026-05-22T22:55:55.818855+00:00,ship39,1463525767.029174,1527.496956,-4.654527,-26.325942,193923.469289,0
2026-05-22T22:56:06.858156+00:00,ship39,1463525777.02933,1537.497158,-4.951934,-25.759825,193785.662982,0
2026-05-22T22:56:17.876940+00:00,ship39,1463525787.029487,1547.497417,-5.248807,-25.193126,193633.946831,0
2026-05-22T22:56:28.847065+00:00,ship39,1463525797.029643,1557.497636,-5.545692,-24.624694,193468.793941,0
2026-05-22T22:56:40.101142+00:00,ship39,1463525807.029799,1567.497837,-5.841376,-24.056748,193290.446362,0
2026-05-22T22:56:51.252682+00:00,ship39,1463525817.029955,1577.49798,-6.13582,-23.489277,193098.179876,0
2026-05-22T22:57:02.350198+00:00,ship39,1463525827.030111,1587.498221,-6.430186,-22.919938,192891.882754,0
2026-05-22T22:57:13.460097+00:00,ship39,1463525837.030267,1597.498405,-6.719725,-22.357868,192675.690583,0
2026-05-22T22:57:24.562939+00:00,ship39,1463525847.030424,1607.498628,-7.013231,-21.785883,192441.600249,0
2026-05-22T22:57:35.543546+00:00,ship39,1463525857.03058,1617.498823,-7.308873,-21.207369,192191.074904,0
2026-05-22T22:57:46.833200+00:00,ship39,1463525867.030745,1627.498994,-7.600201,-20.634861,191931.084072,0
2026-05-22T22:57:58.244853+00:00,ship39,1463525887.031048,1647.499468,-8.179683,-19.488363,191369.88472,0
2026-05-22T22:58:09.661972+00:00,ship39,1463525907.031361,1667.499771,-8.756091,-18.336955,190754.331103,0
2026-05-22T22:58:20.952916+00:00,ship39,1463525917.031517,1677.49997,-9.041696,-17.762066,190427.954203,0
2026-05-22T22:58:32.153241+00:00,ship39,1463525927.031678,1687.500253,-9.329726,-17.179178,190083.618755,0
2026-05-22T22:58:43.286703+00:00,ship39,1463525937.031828,1697.500409,-9.613272,-16.602165,189730.768695,0
2026-05-22T22:58:54.470029+00:00,ship39,1463525947.031986,1707.500676,-9.896872,-16.021737,189362.915912,0
2026-05-22T22:59:05.644395+00:00,ship39,1463525957.03214,1717.500772,-10.179928,-15.43898,188981.568744,0
2026-05-22T22:59:16.744338+00:00,ship39,1463525967.032297,1727.501077,-10.461276,-14.856189,188586.97784,0
2026-05-22T22:59:27.831482+00:00,ship39,1463525977.032453,1737.501214,-10.740831,-14.273448,188180.517247,0
2026-05-22T22:59:39.028598+00:00,ship39,1463525987.03261,1747.501396,-11.019723,-13.688317,187760.675997,0
2026-05-22T22:59:50.185916+00:00,ship39,1463525997.032743,1757.501593,-11.297915,-13.100735,187326.805736,0
2026-05-22T23:00:01.234139+00:00,ship39,1463526007.032921,1767.50186,-11.574265,-12.51301,186880.455044,0
2026-05-22T23:00:12.530321+00:00,ship39,1463526017.033078,1777.502037,-11.849294,-11.923945,186421.444641,0
2026-05-22T23:00:23.524031+00:00,ship39,1463526027.033234,1787.502198,-12.122398,-11.33474,185950.668964,0
2026-05-22T23:00:34.546006+00:00,ship39,1463526037.03339,1797.50244,-12.395197,-10.741778,185465.209592,0
2026-05-22T23:00:45.588651+00:00,ship39,1463526047.033547,1807.502584,-12.666017,-10.148592,184967.46902,0
2026-05-22T23:00:56.740673+00:00,ship39,1463526067.033858,1827.502986,-13.203184,-8.9579,183934.309262,0
2026-05-22T23:01:07.909124+00:00,ship39,1463526077.034014,1837.503266,-13.46893,-8.361545,183399.188008,0
2026-05-22T23:01:18.993268+00:00,ship39,1463526087.034171,1847.503487,-13.733625,-7.762486,182850.726588,0
2026-05-22T23:01:30.082653+00:00,ship39,1463526097.034326,1857.503664,-13.997759,-7.159452,182287.253389,0
2026-05-22T23:01:41.182890+00:00,ship39,1463526107.034482,1867.503787,-14.258129,-6.559685,181715.490761,0
2026-05-22T23:01:52.200768+00:00,ship39,1463526127.034801,1887.504252,-14.776364,-5.349321,180528.863597,0
2026-05-22T23:02:03.243754+00:00,ship39,1463526137.035192,1897.504629,-15.032102,-4.743447,179918.594259,0
2026-05-22T23:02:14.469909+00:00,ship39,1463526147.051284,1907.520825,-15.287038,-4.133514,179293.876417,0
2026-05-22T23:02:25.468564+00:00,ship39,1463526157.051309,1917.520895,-15.539636,-3.523068,178657.265839,0
2026-05-22T23:02:36.424823+00:00,ship39,1463526167.051334,1927.520983,-15.790834,-2.909739,178007.055503,0
2026-05-22T23:02:47.491334+00:00,ship39,1463526177.051359,1937.521052,-16.039632,-2.295843,177346.530147,0
2026-05-22T23:02:58.469965+00:00,ship39,1463526187.051385,1947.521124,-16.2865,-1.68013,176673.539597,0
2026-05-22T23:03:09.820935+00:00,ship39,1463526197.051411,1957.521194,-16.531318,-1.062784,175988.791044,0
2026-05-22T23:03:21.161287+00:00,ship39,1463526207.051436,1967.521263,-16.774105,-0.443644,175292.670393,0
2026-05-22T23:03:32.272871+00:00,ship39,1463526217.051462,1977.521333,-17.014833,0.177341,174584.517667,0
2026-05-22T23:03:44.012559+00:00,ship39,1463526237.051512,1997.521435,-17.488989,1.422316,173137.398186,0
2026-05-22T23:03:56.889528+00:00,ship39,1463526247.051522,2007.521529,-17.724232,2.05138,172392.299598,0
2026-05-22T23:04:09.649975+00:00,ship39,1463526257.051522,2017.521574,-17.95631,2.679812,171638.611939,0
2026-05-22T23:04:21.353324+00:00,ship39,1463526267.051588,2027.521668,-18.183391,3.302594,170882.370346,0
2026-05-22T23:04:32.721837+00:00,ship39,1463526277.051613,2037.521695,-18.412751,3.939899,170100.944553,0
2026-05-22T23:04:44.602228+00:00,ship39,1463526287.051645,2047.521816,-18.636142,4.568967,169320.712924,0
2026-05-22T23:04:56.250900+00:00,ship39,1463526297.051665,2057.521917,-18.859408,5.206294,168521.397739,0
2026-05-22T23:05:07.761540+00:00,ship39,1463526317.051722,2077.522046,-19.299075,6.48817,166888.199431,0
2026-05-22T23:05:19.012348+00:00,ship39,1463526327.051748,2087.522156,-19.51367,7.127579,166061.412697,0
2026-05-22T23:05:30.301602+00:00,ship39,1463526347.051799,2107.522272,-19.93782,8.420115,164365.401333,0
2026-05-22T23:05:42.643885+00:00,ship39,1463526357.051823,2117.522366,-20.14556,9.068048,163503.998643,0
2026-05-22T23:05:53.862868+00:00,ship39,1463526367.051843,2127.522468,-20.350663,9.718005,162631.61576,0
2026-05-22T23:06:05.030851+00:00,ship39,1463526377.051869,2137.522517,-20.553472,10.371228,161747.766796,0
2026-05-22T23:06:16.386875+00:00,ship39,1463526387.051894,2147.522528,-20.753172,11.025192,160855.844261,0
2026-05-22T23:06:27.590623+00:00,ship39,1463526397.051919,2157.522639,-20.950103,11.681134,159953.255255,0
2026-05-22T23:06:39.005077+00:00,ship39,1463526407.051944,2167.522686,-21.142705,12.333831,159048.268901,0
2026-05-22T23:06:50.255698+00:00,ship39,1463526417.05197,2177.522718,-21.333267,12.991136,158130.431403,0
2026-05-22T23:07:01.402144+00:00,ship39,1463526427.051996,2187.522789,-21.52211,13.654417,157196.658695,0
2026-05-22T23:07:12.530936+00:00,ship39,1463526437.052021,2197.522897,-21.708029,14.319722,156253.806022,0
2026-05-22T23:07:23.548921+00:00,ship39,1463526447.052046,2207.522946,-21.890268,14.98437,155305.279195,0
2026-05-22T23:07:34.665376+00:00,ship39,1463526457.052073,2217.523038,-22.071311,15.657684,154338.088568,0
2026-05-22T23:07:45.744509+00:00,ship39,1463526467.052098,2227.523067,-22.246476,16.32227,153376.394595,0
2026-05-22T23:07:56.809682+00:00,ship39,1463526477.052123,2237.523138,-22.420014,16.99421,152398.592953,0
2026-05-22T23:08:07.872759+00:00,ship39,1463526497.052174,2257.523318,-22.759422,18.350783,150405.429696,0
2026-05-22T23:08:20.115441+00:00,ship39,1463526507.052198,2267.523426,-22.923202,19.027268,149402.190052,0
2026-05-22T23:08:31.559040+00:00,ship39,1463526527.052251,2287.52355,-23.241776,20.388757,147366.838238,0
2026-05-22T23:08:42.752580+00:00,ship39,1463526537.052276,2297.523596,-23.395247,21.068258,146342.282108,0
2026-05-22T23:08:54.411806+00:00,ship39,1463526547.052301,2307.523632,-23.545751,21.751031,145307.704321,0
2026-05-22T23:09:05.641691+00:00,ship39,1463526557.052327,2317.523742,-23.694101,22.44116,144256.554329,0
2026-05-22T23:09:16.873298+00:00,ship39,1463526567.052352,2327.523736,-23.838185,23.129015,143203.221969,0
2026-05-22T23:09:28.008778+00:00,ship39,1463526577.052377,2337.523884,-23.979428,23.821469,142137.880293,0
2026-05-22T23:09:39.072697+00:00,ship39,1463526587.052403,2347.523937,-24.116666,24.512997,141069.122297,0
2026-05-22T23:09:50.152343+00:00,ship39,1463526597.052428,2357.523967,-24.250444,25.206296,139992.478547,0
2026-05-22T23:10:01.535797+00:00,ship39,1463526607.05246,2367.524101,-24.381506,25.905548,138902.185272,0
2026-05-22T23:10:12.726197+00:00,ship39,1463526617.05248,2377.524127,-24.508254,26.602384,137810.908072,0
2026-05-22T23:10:24.145081+00:00,ship39,1463526637.05253,2397.524306,-24.751725,28.005337,135601.668611,0
2026-05-22T23:10:35.390801+00:00,ship39,1463526647.105181,2407.577025,-24.86857,28.712842,134480.828662,0
2026-05-22T23:10:46.438812+00:00,ship39,1463526657.110924,2417.58285,-24.98103,29.417747,133360.172725,0
2026-05-22T23:10:57.448171+00:00,ship39,1463526667.123136,2427.595068,-25.089782,30.124225,132233.23878,0
2026-05-22T23:11:08.753500+00:00,ship39,1463526677.233095,2437.704904,-25.19604,30.840791,131085.973645,0
2026-05-22T23:11:19.892274+00:00,ship39,1463526687.243539,2447.715432,-25.297257,31.550397,129945.946691,0
2026-05-22T23:11:30.947449+00:00,ship39,1463526697.243695,2457.715634,-25.394491,32.260076,128802.36396,0
2026-05-22T23:11:42.113174+00:00,ship39,1463526707.24385,2467.715891,-25.488473,32.975463,127645.994924,0
2026-05-22T23:11:53.293650+00:00,ship39,1463526717.244007,2477.716082,-25.578236,33.689437,126488.95633,0
2026-05-22T23:12:04.695624+00:00,ship39,1463526737.244319,2497.716472,-25.745966,35.119965,124160.927471,0
2026-05-22T23:12:15.849312+00:00,ship39,1463526747.244481,2507.716699,-25.824213,35.839348,122985.135626,0
2026-05-22T23:12:26.882718+00:00,ship39,1463526757.244631,2517.716895,-25.898367,36.558581,121806.620112,0
2026-05-22T23:12:37.987832+00:00,ship39,1463526767.244744,2527.717052,-25.968555,37.279003,120622.932149,0
2026-05-22T23:12:49.175707+00:00,ship39,1463526777.244942,2537.717333,-26.035015,38.003457,119429.820137,0
2026-05-22T23:13:00.302431+00:00,ship39,1463526787.245099,2547.717516,-26.097077,38.724686,118239.395039,0
2026-05-22T23:13:11.536103+00:00,ship39,1463526797.245255,2557.717735,-26.155358,39.449864,117038.864327,0
2026-05-22T23:13:22.837271+00:00,ship39,1463526817.245573,2577.718103,-26.259343,40.897442,114635.892671,0
2026-05-22T23:13:34.050478+00:00,ship39,1463526827.245723,2587.718257,-26.305253,41.622623,113428.076413,0
2026-05-22T23:13:45.241843+00:00,ship39,1463526837.245879,2597.718491,-26.347249,42.351582,112211.093587,0
2026-05-22T23:13:56.395334+00:00,ship39,1463526847.246035,2607.718738,-26.385191,43.082798,110988.349303,0
2026-05-22T23:14:07.429373+00:00,ship39,1463526857.246192,2617.71884,-26.418599,43.806022,109776.686301,0
2026-05-22T23:14:18.527462+00:00,ship39,1463526867.246348,2627.719101,-26.448269,44.538722,108546.749396,0
2026-05-22T23:14:29.595427+00:00,ship39,1463526877.246506,2637.719264,-26.47362,45.267688,107321.53784,0
2026-05-22T23:14:40.724730+00:00,ship39,1463526887.246664,2647.719507,-26.494909,46.000178,106088.178322,0
2026-05-22T23:14:52.040462+00:00,ship39,1463526897.246819,2657.719707,-26.511983,46.731725,104855.161914,0
2026-05-22T23:15:04.440041+00:00,ship39,1463526907.246977,2667.719909,-26.524885,47.463765,103620.048145,0
2026-05-22T23:15:15.399130+00:00,ship39,1463526917.247133,2677.720071,-26.533577,48.1933,102387.421258,0
2026-05-22T23:15:26.542323+00:00,ship39,1463526927.247292,2687.720311,-26.538137,48.929078,101143.720922,0
2026-05-22T23:15:37.659054+00:00,ship39,1463526947.247606,2707.720716,-26.534616,50.395653,98662.838278,0
2026-05-22T23:15:48.915230+00:00,ship39,1463526957.247748,2717.720925,-26.526544,51.130768,97418.174246,0
2026-05-22T23:16:00.115906+00:00,ship39,1463526967.247919,2727.721116,-26.514307,51.863058,96178.433603,0
2026-05-22T23:16:11.444269+00:00,ship39,1463526987.248233,2747.721463,-26.477256,53.329026,93697.898741,0
2026-05-22T23:16:22.579471+00:00,ship39,1463526997.24839,2757.721743,-26.452319,54.065629,92453.302093,0
2026-05-22T23:16:33.558091+00:00,ship39,1463527007.248548,2767.721925,-26.423361,54.797679,91217.678021,0
2026-05-22T23:16:44.622382+00:00,ship39,1463527017.248711,2777.722133,-26.390161,55.530992,89982.57903,0
2026-05-22T23:16:55.614952+00:00,ship39,1463527027.248862,2787.72231,-26.352893,56.262509,88754.427336,0
2026-05-22T23:17:06.806861+00:00,ship39,1463527037.249019,2797.72249,-26.311398,56.995077,87527.340628,0
2026-05-22T23:17:17.828738+00:00,ship39,1463527047.249176,2807.722712,-26.265787,57.727154,86305.943791,0
2026-05-22T23:17:28.868238+00:00,ship39,1463527057.249332,2817.722933,-26.21598,58.459958,85089.352714,0
2026-05-22T23:17:39.903949+00:00,ship39,1463527067.249496,2827.723141,-26.16223,59.190586,83887.844176,0
2026-05-22T23:17:50.959281+00:00,ship39,1463527077.249647,2837.723239,-26.104683,59.917415,82704.455752,0
2026-05-22T23:18:01.967995+00:00,ship39,1463527087.249803,2847.723538,-26.042642,60.649013,81527.60863,0
2026-05-22T23:18:12.960549+00:00,ship39,1463527097.249961,2857.72374,-25.976914,61.3765,80373.928346,0
2026-05-22T23:18:24.116948+00:00,ship39,1463527107.250118,2867.723941,-25.907311,62.102577,79242.008822,0
2026-05-22T23:18:35.261604+00:00,ship39,1463527117.250276,2877.724065,-25.834206,62.824136,78140.28048,0
2026-05-22T23:18:46.490712+00:00,ship39,1463527127.250432,2887.724344,-25.756768,63.549633,77058.394057,0
2026-05-22T23:18:57.648212+00:00,ship39,1463527147.250742,2907.724742,-25.591661,64.988346,74999.4408,0
2026-05-22T23:19:08.686930+00:00,ship39,1463527157.250903,2917.724948,-25.503943,65.703822,74028.496131,0
2026-05-22T23:19:19.719319+00:00,ship39,1463527167.25106,2927.72515,-25.413005,66.416149,73106.778765,0
2026-05-22T23:19:30.705890+00:00,ship39,1463527177.251217,2937.725351,-25.319031,67.124852,72243.490956,0
2026-05-22T23:19:41.684533+00:00,ship39,1463527197.251532,2957.725755,-25.122666,68.52976,70713.292649,0
2026-05-22T23:19:52.925770+00:00,ship39,1463527207.251688,2967.725917,-25.021088,69.222357,70064.97508,0
2026-05-22T23:20:04.054087+00:00,ship39,1463527217.251844,2977.726136,-24.916593,69.91395,69501.091296,0
2026-05-22T23:20:15.493859+00:00,ship39,1463527227.252002,2987.72628,-24.810149,70.598785,69029.589943,0
2026-05-22T23:20:26.693350+00:00,ship39,1463527237.252159,2997.726558,-24.701478,71.279361,68652.25383,0
2026-05-22T23:20:37.910042+00:00,ship39,1463527247.252315,3007.726699,-24.591382,71.951419,68375.376173,0
2026-05-22T23:20:48.975295+00:00,ship39,1463527257.252473,3017.726957,-24.479053,72.62032,68190.814334,0
2026-05-22T23:21:00.173572+00:00,ship39,1463527267.25263,3027.72716,-24.36523,73.282072,68092.417865,0
2026-05-22T23:21:11.338478+00:00,ship39,1463527277.252748,3037.727321,-24.249757,73.93804,68073.598122,0
2026-05-22T23:21:22.503192+00:00,ship39,1463527287.252944,3047.727549,-24.13269,74.588282,68126.490483,0
2026-05-22T23:21:34.046446+00:00,ship39,1463527297.253101,3057.727704,-24.014765,75.229137,68236.15459,0
2026-05-22T23:21:45.321578+00:00,ship39,1463527307.253258,3067.727904,-23.894064,75.871251,68388.447813,0
2026-05-22T23:21:56.466799+00:00,ship39,1463527327.253572,3087.728365,-23.648654,77.137376,68755.281822,0
2026-05-22T23:22:07.520739+00:00,ship39,1463527337.254296,3097.729057,-23.524226,77.760701,68941.665711,0
2026-05-22T23:22:18.757957+00:00,ship39,1463527347.25432,3107.729104,-23.397481,78.383679,69114.794502,0
2026-05-22T23:22:30.083234+00:00,ship39,1463527367.25437,3127.729299,-23.139795,79.615717,69371.725425,0
2026-05-22T23:22:41.679333+00:00,ship39,1463527377.254395,3137.729388,-23.008642,80.226313,69432.206326,0
2026-05-22T23:22:53.184450+00:00,ship39,1463527387.25442,3147.729476,-22.875727,80.834652,69434.426108,0
2026-05-22T23:23:04.443031+00:00,ship39,1463527397.254445,3157.729546,-22.741634,81.438366,69371.922097,0
2026-05-22T23:23:15.806768+00:00,ship39,1463527407.25447,3167.729594,-22.606424,82.037525,69238.3914,0
2026-05-22T23:23:27.012726+00:00,ship39,1463527417.254495,3177.729663,-22.469631,82.634537,69029.255348,0
2026-05-22T23:23:38.289650+00:00,ship39,1463527427.254521,3187.729753,-22.331334,83.229364,68742.618403,0
2026-05-22T23:23:49.768522+00:00,ship39,1463527437.25453,3197.729806,-22.192188,83.819592,68377.763411,0
2026-05-22T23:24:01.183628+00:00,ship39,1463527447.255456,3207.730776,-22.052037,84.406346,67936.810682,0
2026-05-22T23:24:12.452468+00:00,ship39,1463527457.255613,3217.730957,-21.911307,84.988346,67425.573673,0
2026-05-22T23:24:23.895248+00:00,ship39,1463527467.255743,3227.73115,-21.769305,85.568958,66845.788836,0
2026-05-22T23:24:35.351696+00:00,ship39,1463527477.255926,3237.73132,-21.627895,86.14114,66210.297494,0
2026-05-22T23:24:46.730348+00:00,ship39,1463527497.25624,3257.731781,-21.341656,87.283695,64773.08247,0
2026-05-22T23:24:58.130236+00:00,ship39,1463527507.256397,3267.73198,-21.198981,87.846782,63998.070075,0
2026-05-22T23:25:10.166317+00:00,ship39,1463527517.256555,3277.732164,-21.056987,88.404057,63206.882939,0
2026-05-22T23:25:21.492621+00:00,ship39,1463527527.256712,3287.732383,-20.915127,88.958551,62408.59684,0
2026-05-22T23:25:32.891760+00:00,ship39,1463527547.257025,3307.732785,-20.635246,90.049125,60861.922835,0
2026-05-22T23:25:44.403566+00:00,ship39,1463527557.257182,3317.732985,-20.497611,90.585482,60159.59223,0
2026-05-22T23:25:56.276642+00:00,ship39,1463527567.257339,3327.733188,-20.361914,91.115339,59532.672629,0
2026-05-22T23:26:07.951628+00:00,ship39,1463527577.257496,3337.733388,-20.228336,91.638407,58993.571471,0
2026-05-22T23:26:19.436226+00:00,ship39,1463527587.257653,3347.733547,-20.097518,92.15244,58549.356978,0
2026-05-22T23:26:30.833052+00:00,ship39,1463527597.25781,3357.733828,-19.96749,92.665422,58196.29561,0
2026-05-22T23:26:42.135750+00:00,ship39,1463527617.258124,3377.734152,-19.717058,93.659482,57906.32344,0
2026-05-22T23:26:53.426588+00:00,ship39,1463527627.258281,3387.734355,-19.59523,94.146806,57797.415609,0
2026-05-22T23:27:04.525706+00:00,ship39,1463527637.258438,3397.734595,-19.47547,94.628016,57739.123148,0
2026-05-22T23:27:15.639528+00:00,ship39,1463527647.258595,3407.73474,-19.358558,95.099482,57713.453588,0
2026-05-22T23:27:26.617547+00:00,ship39,1463527657.258745,3417.734974,-19.242902,95.567125,57699.259517,0
2026-05-22T23:27:37.592272+00:00,ship39,1463527667.258908,3427.735245,-19.128575,96.030077,57676.414112,0
2026-05-22T23:27:48.588252+00:00,ship39,1463527677.259065,3437.73544,-19.016747,96.483034,57626.826943,0
2026-05-22T23:27:59.689197+00:00,ship39,1463527687.259222,3447.735661,-18.905898,96.931657,57531.696569,0
2026-05-22T23:28:10.861495+00:00,ship39,1463527697.259379,3457.735764,-18.797293,97.370632,57381.816494,0
2026-05-22T23:28:21.848719+00:00,ship39,1463527707.259537,3467.736066,-18.688811,97.808586,57168.597607,0
2026-05-22T23:28:33.012751+00:00,ship39,1463527717.259698,3477.736176,-18.583442,98.233782,56894.5133,0
2026-05-22T23:28:44.074625+00:00,ship39,1463527727.25985,3487.736395,-18.479097,98.655162,56542.314083,0
2026-05-22T23:28:55.028388+00:00,ship39,1463527737.260006,3497.73666,-18.376954,99.068575,56096.061543,0
2026-05-22T23:29:06.195724+00:00,ship39,1463527747.260164,3507.736786,-18.278291,99.469567,55546.653856,0
2026-05-22T23:29:17.337072+00:00,ship39,1463527767.260478,3527.73725,-18.089263,100.246141,54116.083812,0
2026-05-22T23:29:28.555447+00:00,ship39,1463527777.260634,3537.737453,-17.999436,100.621534,53246.76356,0
2026-05-22T23:29:39.648965+00:00,ship39,1463527797.260947,3557.737896,-17.831548,101.342229,51291.705026,0
2026-05-22T23:29:50.806429+00:00,ship39,1463527807.261105,3567.738019,-17.753912,101.687925,50231.968343,0
2026-05-22T23:30:01.949476+00:00,ship39,1463527817.261261,3577.738239,-17.680018,102.028133,49131.229223,0
2026-05-22T23:30:13.134258+00:00,ship39,1463527827.261418,3587.738481,-17.610951,102.360524,48038.160988,0
2026-05-22T23:30:24.409812+00:00,ship39,1463527837.261576,3597.738655,-17.547938,102.680945,46999.882729,0
2026-05-22T23:30:35.536699+00:00,ship39,1463527847.261738,3607.738863,-17.490852,102.991211,46044.254145,0
2026-05-22T23:30:46.594149+00:00,ship39,1463527857.261889,3617.739098,-17.43997,103.290878,45197.03373,0
2026-05-22T23:30:57.579322+00:00,ship39,1463527867.262046,3627.739298,-17.395618,103.577809,44449.521328,0
2026-05-22T23:31:08.591380+00:00,ship39,1463527877.262203,3637.739457,-17.357953,103.850127,43788.979627,0
2026-05-22T23:31:19.610254+00:00,ship39,1463527887.26236,3647.739658,-17.326794,104.110525,43245.415309,0
2026-05-22T23:31:31.965499+00:00,ship39,1463527897.262518,3657.739818,-17.302096,104.357873,42793.148699,0
2026-05-22T23:31:43.287090+00:00,ship39,1463527907.262674,3667.740096,-17.283144,104.594536,42362.764772,0
2026-05-22T23:31:54.500119+00:00,ship39,1463527917.26283,3677.740296,-17.26992,104.81672,41940.575315,0
2026-05-22T23:32:05.643613+00:00,ship39,1463527927.262988,3687.740456,-17.261434,105.026631,41419.343131,0
2026-05-22T23:32:16.827495+00:00,ship39,1463527937.263144,3697.740696,-17.257274,105.226776,40746.712018,0
2026-05-22T23:32:27.981792+00:00,ship39,1463527957.263465,3717.741121,-17.261214,105.591565,38938.774235,0
2026-05-22T23:32:39.090530+00:00,ship39,1463527977.263773,3737.741518,-17.280059,105.909243,36595.123719,0
2026-05-22T23:32:50.244692+00:00,ship39,1463527987.263928,3747.74168,-17.29458,106.049133,35300.098036,0
2026-05-22T23:33:01.354597+00:00,ship39,1463527997.264086,3757.741881,-17.312423,106.176986,33953.876785,0
2026-05-22T23:33:12.544932+00:00,ship39,1463528007.264242,3767.742101,-17.333342,106.292555,32575.756585,0
2026-05-22T23:33:23.966358+00:00,ship39,1463528017.264399,3777.742285,-17.356843,106.395104,31197.260506,0
2026-05-22T23:33:35.050119+00:00,ship39,1463528027.264557,3787.742504,-17.382862,106.485105,29794.990758,0
2026-05-22T23:33:46.236238+00:00,ship39,1463528037.264713,3797.742688,-17.411797,106.561004,28256.215657,0
2026-05-22T23:33:57.644277+00:00,ship39,1463528047.26487,3807.742868,-17.443168,106.621146,26416.867098,0
2026-05-22T23:34:08.936421+00:00,ship39,1463528057.265027,3817.74303,-17.474565,106.664149,24224.03982,0
2026-05-22T23:34:20.128526+00:00,ship39,1463528067.265183,3827.743251,-17.503492,106.69072,21847.065597,0
2026-05-22T23:34:31.319048+00:00,ship39,1463528077.26534,3837.743472,-17.526507,106.704038,19683.164748,0
2026-05-22T23:34:42.905058+00:00,ship39,1463528087.265498,3847.743674,-17.543129,106.710325,17760.771476,0
2026-05-22T23:34:54.021449+00:00,ship39,1463528097.265654,3857.743914,-17.554901,106.713277,15927.726894,0
2026-05-22T23:35:05.078707+00:00,ship39,1463528107.26581,3867.744057,-17.563244,106.714729,14162.255966,0
2026-05-22T23:35:16.197415+00:00,ship39,1463528127.266124,3887.74442,-17.574203,106.715322,10759.413072,0
2026-05-22T23:35:27.301423+00:00,ship39,1463528137.26628,3897.744681,-17.578137,106.714907,9160.800733,0
2026-05-22T23:35:38.365150+00:00,ship39,1463528147.266438,3907.744941,-17.581385,106.714305,7654.541769,0
2026-05-22T23:35:49.402830+00:00,ship39,1463528157.266602,3917.74509,-17.58437,106.713536,6254.398735,0
2026-05-22T23:36:00.754749+00:00,ship39,1463528167.266745,3927.745278,-17.5874,106.712796,4946.28071,0
2026-05-22T23:36:12.241258+00:00,ship39,1463528177.266908,3937.745526,-17.590433,106.713229,3690.257628,0
2026-05-22T23:36:23.339293+00:00,ship39,1463528187.267064,3947.745687,-17.593077,106.715101,2523.640525,0
2026-05-22T23:36:34.443895+00:00,ship39,1463528207.267379,3967.746089,-17.598529,106.720135,510.395882,0
2026-05-22T23:36:45.849304+00:00,ship39,1463528217.267536,3977.746351,-17.600963,106.721332,38.787814,0
2026-05-22T23:36:56.983278+00:00,ship39,1463528227.267693,3987.746494,-17.601087,106.72101,-4.302617,0
2026-05-22T23:37:08.167222+00:00,ship39,1463528237.267849,3997.74676,-17.601166,106.720838,-27.732563,0
